{
  "train_r2": 0.4925712827268892,
  "train_rmse": 20566.775600906454,
  "train_mae": 15849.717354022878,
  "test_r2": 0.3516716549051887,
  "test_rmse": 22459.759306877902,
  "test_mae": 17367.46533826413
}