{
  "best_params": {
    "n_estimators": 118,
    "max_depth": 4,
    "learning_rate": 0.07320097980974366,
    "min_child_samples": 13,
    "subsample": 0.9947326814475712,
    "colsample_bytree": 0.753216615520987,
    "reg_alpha": 0.3801102933721935,
    "reg_lambda": 0.5336020360131197
  },
  "avg_score": 0.5305239918267632,
  "std_score": 0.022097371089116184,
  "all_scores": [
    0.5614545850525519,
    0.4996915008620676,
    0.5288891829518712,
    0.5267109803726271,
    0.5358737098946984
  ]
}