{
  "best_params": {
    "n_estimators": 113,
    "max_depth": 5,
    "learning_rate": 0.054047139509666484,
    "min_child_samples": 20,
    "subsample": 0.819600219457007,
    "colsample_bytree": 0.8557123970999151,
    "reg_alpha": 0.4295119980107124,
    "reg_lambda": 0.35909810176470314
  },
  "avg_score": 0.4820565386964771,
  "std_score": 0.10410773941653292,
  "all_scores": [
    0.2977427297451428,
    0.5211860880103347,
    0.5228144690559933,
    0.5534705602903258,
    0.5150688463805888
  ]
}