{
  "best_params": {
    "n_estimators": 136,
    "max_depth": 3,
    "learning_rate": 0.09047664250798301,
    "min_child_samples": 17,
    "subsample": 0.9745796955318332,
    "colsample_bytree": 0.8974462685488374,
    "reg_alpha": 0.38635685053532703,
    "reg_lambda": 0.6082828106650667
  },
  "avg_score": 0.5077004258741011,
  "std_score": 0.019371740067518444,
  "all_scores": [
    0.50624682552742,
    0.4763795999928465,
    0.5083581643459801,
    0.5228162388468404,
    0.5247013006574185
  ]
}