{
  "best_params": {
    "n_estimators": 200,
    "max_depth": 4,
    "learning_rate": 0.06193351908775209,
    "min_child_samples": 6,
    "subsample": 0.8325295258604868,
    "colsample_bytree": 0.7788202544821199,
    "reg_alpha": 0.5774417919365866,
    "reg_lambda": 0.7430980527198623
  },
  "avg_score": 0.529225880888611,
  "std_score": 0.015650348998182916,
  "all_scores": [
    0.546986235369118,
    0.5067623395177723,
    0.5223365949405809,
    0.539767527655657,
    0.5302767069599268
  ]
}