{
  "best_params": {
    "n_estimators": 144,
    "max_depth": 4,
    "learning_rate": 0.09456109181104783,
    "min_child_samples": 7,
    "subsample": 0.9716063004285691,
    "colsample_bytree": 0.7520438947694164,
    "reg_alpha": 0.36086739049257005,
    "reg_lambda": 0.4329290625024346
  },
  "avg_score": 0.4894853599192147,
  "std_score": 0.029123816453647245,
  "all_scores": [
    0.48833896343256666,
    0.44584902697704676,
    0.48104850756102147,
    0.5161116015357499,
    0.5160787000896887
  ]
}