{
  "best_params": {
    "n_estimators": 90,
    "max_depth": 4,
    "learning_rate": 0.05888710969888765,
    "min_child_samples": 6,
    "subsample": 0.8800181108725305,
    "colsample_bytree": 0.7385716210256241,
    "reg_alpha": 0.09592554157993753,
    "reg_lambda": 0.94632774594814
  },
  "avg_score": 0.5274912381510902,
  "std_score": 0.017420247901900252,
  "all_scores": [
    0.5453042291898142,
    0.5044703020617096,
    0.5158270917513741,
    0.5425683663742114,
    0.5292862013783418
  ]
}